Task Type,Feature Set,Num Features,Model,Accuracy,Train Time (s),Prediction Time (s),F1-Score (Binary),AUC-ROC (Binary),Specificity (Binary),F1-Score (Macro MC),AUC-ROC (Macro OvR MC)
binary,rf_top_10_features,10,Logistic Regression,0.905707313606103,2.467,0.019,0.9375823348597955,0.8544110062404918,0.8337,,
binary,rf_top_10_features,10,KNN,0.9968016299841266,0.72,6.83,0.9979037592583966,0.998168150206464,0.9941,,
binary,rf_top_10_features,10,Decision Tree,0.9964462555379184,0.677,0.009,0.9976695046920638,0.996415293861964,0.9952,,
binary,rf_top_10_features,10,Random Forest,0.9973228458385652,5.037,0.077,0.9982449873421654,0.9998501723120866,0.9959,,
binary,rf_top_10_features,10,Naive Bayes,0.8652420099978677,0.081,0.016,0.9136454727637092,0.8105005728212611,0.6431,,
binary,rf_top_10_features,10,ANN (MLP),0.9768295861072284,16.273,0.035,0.9846814109391642,0.995376938122885,0.9798,,
binary,rf_top_10_features,10,XGBoost,0.9968727048733682,1.155,0.019,0.9979491641290162,0.9998952156229625,0.9961,,
binary,rf_top_10_features,10,Gradient Boosting,0.9923712952213983,21.648,0.046,0.9950006210408645,0.9984676022229809,0.9844,,
binary,rf_top_15_features,15,Logistic Regression,0.9056599303466085,4.8,0.004,0.9375490103823594,0.890133959452327,0.8337,,
binary,rf_top_15_features,15,KNN,0.9967779383543794,1.095,10.429,0.9978887232985594,0.9980008988171009,0.9933,,
binary,rf_top_15_features,15,Decision Tree,0.9969674713923571,0.695,0.007,0.9980116813719399,0.9968940497997454,0.9957,,
binary,rf_top_15_features,15,Random Forest,0.9975597621360374,4.6,0.071,0.9984006956197693,0.9998681036356297,0.9956,,
binary,rf_top_15_features,15,Naive Bayes,0.8351062569594162,0.153,0.017,0.8966623114384131,0.8074690148716198,0.5053,,
binary,rf_top_15_features,15,ANN (MLP),0.9848136653320382,34.289,0.031,0.9899982836368175,0.9965546275885622,0.9844,,
binary,rf_top_15_features,15,XGBoost,0.997299154208818,0.791,0.014,0.9982293737574552,0.9999147862398708,0.996,,
binary,rf_top_15_features,15,Gradient Boosting,0.9928214361865952,24.909,0.047,0.9952926188885609,0.998784619205812,0.9874,,
binary,rf_top_20_features,20,Logistic Regression,0.9049965647136866,3.858,0.004,0.9342579841301069,0.9778119780185663,0.9706,,
binary,rf_top_20_features,20,KNN,0.9967542467246322,0.028,5.802,0.9978736283350665,0.9977618678009252,0.9926,,
binary,rf_top_20_features,20,Decision Tree,0.9969674713923571,0.468,0.006,0.9980119284294234,0.9968707938774878,0.9953,,
binary,rf_top_20_features,20,Random Forest,0.9975360705062901,3.667,0.053,0.9983851433185305,0.9999098869881088,0.9956,,
binary,rf_top_20_features,20,Naive Bayes,0.8896443886374944,0.077,0.016,0.9305315277694923,0.9218356313452761,0.6354,,
binary,rf_top_20_features,20,ANN (MLP),0.9885806344618446,44.933,0.033,0.9924875311720698,0.9979500915893073,0.9888,,
binary,rf_top_20_features,20,XGBoost,0.9974886872467957,0.352,0.009,0.9983537816431123,0.9999222670682106,0.9961,,
binary,rf_top_20_features,20,Gradient Boosting,0.9929635859650785,18.016,0.042,0.9953849739724963,0.9989186671427241,0.9883,,
binary,spearman_top_10_features,10,Logistic Regression,0.8153948210097373,0.854,0.002,0.8699729666588792,0.8802638501661025,0.835,,
binary,spearman_top_10_features,10,KNN,0.9095927408846455,0.444,13.216,0.9438460180116546,0.9529499844763886,0.6323,,
binary,spearman_top_10_features,10,Decision Tree,0.8666871994124475,0.097,0.005,0.9087429655698092,0.954676213170232,0.8565,,
binary,spearman_top_10_features,10,Random Forest,0.866853040820678,2.342,0.041,0.9088490982223952,0.9567418345803969,0.8571,,
binary,spearman_top_10_features,10,Naive Bayes,0.8323343362789927,0.072,0.011,0.8950856126306427,0.9007304464590642,0.4943,,
binary,spearman_top_10_features,10,ANN (MLP),0.835982847260063,54.224,0.032,0.8855532227934734,0.9401787202334749,0.8502,,
binary,spearman_top_10_features,10,XGBoost,0.8652183183681206,0.247,0.008,0.9076985479029772,0.9559314322083892,0.8547,,
binary,spearman_top_10_features,10,Gradient Boosting,0.8631097633206188,7.052,0.045,0.9063320688648964,0.9526015709894751,0.8477,,
binary,spearman_top_15_features,15,Logistic Regression,0.8550309175768201,1.088,0.004,0.9007992477668078,0.9217872194107237,0.8308,,
binary,spearman_top_15_features,15,KNN,0.9126489611220356,0.673,21.688,0.9457355213775848,0.9541072308981962,0.6393,,
binary,spearman_top_15_features,15,Decision Tree,0.8681560804567746,0.129,0.005,0.9098361983765655,0.955506075941507,0.8566,,
binary,spearman_top_15_features,15,Random Forest,0.8682508469757635,2.251,0.046,0.9099010061405356,0.9574679359806265,0.8568,,
binary,spearman_top_15_features,15,Naive Bayes,0.8838162477196806,0.064,0.013,0.9286192541701843,0.798573741811295,0.5406,,
binary,spearman_top_15_features,15,ANN (MLP),0.8626359307256746,55.567,0.027,0.9059895579985083,0.9525419649787328,0.8473,,
binary,spearman_top_15_features,15,XGBoost,0.8669241157099197,0.274,0.009,0.9089995949777238,0.9566339159862149,0.8538,,
binary,spearman_top_15_features,15,Gradient Boosting,0.8631808382098605,8.48,0.045,0.9065367622068653,0.952467544785619,0.8427,,
binary,spearman_top_20_features,20,Logistic Regression,0.8549361510578313,1.639,0.004,0.9007215241183624,0.9411132214598406,0.831,,
binary,spearman_top_20_features,20,KNN,0.9129095690492549,0.029,5.701,0.9459173164631455,0.9599613011891086,0.6386,,
binary,spearman_top_20_features,20,Decision Tree,0.8439195432253784,0.18,0.006,0.8863471690301211,0.9631670744201931,0.9932,,
binary,spearman_top_20_features,20,Random Forest,0.8441564595228506,2.828,0.056,0.8865431715478285,0.9655446940296191,0.9931,,
binary,spearman_top_20_features,20,Naive Bayes,0.887014617735554,0.087,0.02,0.9304354168186127,0.7808182511099382,0.5547,,
binary,spearman_top_20_features,20,ANN (MLP),0.840034115946836,29.553,0.026,0.8837785733957587,0.9611425346952714,0.9785,,
binary,spearman_top_20_features,20,XGBoost,0.8432798692222038,0.317,0.009,0.88590696631539,0.9651182697382719,0.9912,,
binary,spearman_top_20_features,20,Gradient Boosting,0.8389206093487172,9.635,0.046,0.8828869175781586,0.9609956394175541,0.9782,,
binary,chi2_top_10_features,10,Logistic Regression,0.8664976663744699,3.101,0.003,0.9188122235509386,0.7522519575273992,0.4688,,
binary,chi2_top_10_features,10,KNN,0.9960434978322159,0.423,7.423,0.9974071141335569,0.9973161880219815,0.9922,,
binary,chi2_top_10_features,10,Decision Tree,0.9959724229429743,0.431,0.005,0.9973591822785597,0.9959088764010059,0.9937,,
binary,chi2_top_10_features,10,Random Forest,0.9970385462815987,3.803,0.043,0.9980592774301728,0.9994417523052563,0.9942,,
binary,chi2_top_10_features,10,Naive Bayes,0.8252742306143239,0.052,0.01,0.8969468315517362,0.5676811543357447,0.2739,,
binary,chi2_top_10_features,10,ANN (MLP),0.9584685730531404,26.004,0.027,0.9724392736420093,0.9865958614051973,0.953,,
binary,chi2_top_10_features,10,XGBoost,0.99549859034803,0.312,0.012,0.9970496894409938,0.9997803377937845,0.9914,,
binary,chi2_top_10_features,10,Gradient Boosting,0.9925845198891232,14.571,0.045,0.9951478134155983,0.9980233242261479,0.9799,,
binary,chi2_top_15_features,15,Logistic Regression,0.8937193489540145,2.8,0.003,0.9342864676412855,0.7723791067713992,0.5833,,
binary,chi2_top_15_features,15,KNN,0.9966120969461489,0.601,14.873,0.997779606540068,0.9977056366233039,0.9936,,
binary,chi2_top_15_features,15,Decision Tree,0.9966831718353906,0.475,0.006,0.9978253440616359,0.9965187106088359,0.995,,
binary,chi2_top_15_features,15,Random Forest,0.9973465374683125,3.407,0.043,0.9982608155532781,0.9996886118786674,0.9954,,
binary,chi2_top_15_features,15,Naive Bayes,0.8524959131938686,0.069,0.013,0.9115876171542175,0.7991482070228817,0.3886,,
binary,chi2_top_15_features,15,ANN (MLP),0.9835106256959416,42.48,0.028,0.9892399975264362,0.9949438883541868,0.9519,,
binary,chi2_top_15_features,15,XGBoost,0.9967779383543794,0.339,0.009,0.9978872801839309,0.9998424912291595,0.9955,,
binary,chi2_top_15_features,15,Gradient Boosting,0.9928214361865952,17.455,0.046,0.9952983163938242,0.9977659008351702,0.9835,,
binary,chi2_top_20_features,20,Logistic Regression,0.9018929612168021,6.675,0.004,0.9352756373184952,0.9424964761402093,0.8149,,
binary,chi2_top_20_features,20,KNN,0.9970385462815987,0.027,5.61,0.9980593376907672,0.9982393352789594,0.9941,,
binary,chi2_top_20_features,20,Decision Tree,0.9968253216138738,0.461,0.006,0.9979184142666294,0.99672125958583,0.9955,,
binary,chi2_top_20_features,20,Random Forest,0.9975597621360374,3.563,0.043,0.9984006459527026,0.9997818963643703,0.9957,,
binary,chi2_top_20_features,20,Naive Bayes,0.8690800540169158,0.082,0.017,0.9202827466820542,0.8814477428669005,0.4786,,
binary,chi2_top_20_features,20,ANN (MLP),0.9745788812812434,19.526,0.029,0.983155680444577,0.9965785277406936,0.9822,,
binary,chi2_top_20_features,20,XGBoost,0.9972754625790708,0.378,0.01,0.9982139251712302,0.9998888478375609,0.9958,,
binary,chi2_top_20_features,20,Gradient Boosting,0.9929635859650785,18.48,0.045,0.9953889863532627,0.9987542643360551,0.9855,,
binary,mi_top_10_features,10,Logistic Regression,0.9056599303466085,2.48,0.003,0.937550969198921,0.8518228693843336,0.8336,,
binary,mi_top_10_features,10,KNN,0.9967542467246322,0.513,6.298,0.9978725056293191,0.9982718774255643,0.9943,,
binary,mi_top_10_features,10,Decision Tree,0.9966594802056433,0.412,0.006,0.997809640687866,0.996554615169673,0.9952,,
binary,mi_top_10_features,10,Random Forest,0.9975360705062901,4.002,0.058,0.9983848925332339,0.9998675525474247,0.9961,,
binary,mi_top_10_features,10,Naive Bayes,0.23819564547845246,0.047,0.01,0.003471038522329315,0.6662667189294917,0.9998,,
binary,mi_top_10_features,10,ANN (MLP),0.9903575066928854,36.827,0.028,0.9936674394361376,0.9968121627495421,0.987,,
binary,mi_top_10_features,10,XGBoost,0.9970148546518515,0.324,0.01,0.9980426272292301,0.9998922335372102,0.996,,
binary,mi_top_10_features,10,Gradient Boosting,0.9926082115188704,16.73,0.044,0.9951552795031056,0.9986134077431772,0.9853,,
binary,mi_top_15_features,15,Logistic Regression,0.9059916131630695,2.105,0.003,0.9377822378324134,0.9350549132230122,0.8337,,
binary,mi_top_15_features,15,KNN,0.9966120969461489,0.72,5.486,0.9977798133801177,0.9980690676518985,0.9933,,
binary,mi_top_15_features,15,Decision Tree,0.9965410220569073,0.43,0.006,0.9977317921948794,0.9964775497531746,0.9952,,
binary,mi_top_15_features,15,Random Forest,0.9975360705062901,3.166,0.055,0.9983848423668271,0.9999057499456674,0.9962,,
binary,mi_top_15_features,15,Naive Bayes,0.8441327678931033,0.061,0.011,0.9016547827256828,0.84933873761992,0.5471,,
binary,mi_top_15_features,15,ANN (MLP),0.9826814186547893,16.512,0.024,0.9885886448430353,0.9963232885218417,0.9814,,
binary,mi_top_15_features,15,XGBoost,0.9972043876898292,0.31,0.008,0.9981667909520259,0.9998914418330281,0.9966,,
binary,mi_top_15_features,15,Gradient Boosting,0.9928451278163425,17.039,0.044,0.9953085192319642,0.9986747648172871,0.9872,,
binary,mi_top_20_features,20,Logistic Regression,0.9038593664858205,10.774,0.004,0.936510419926153,0.9457387655624205,0.8222,,
binary,mi_top_20_features,20,KNN,0.9972517709493236,0.028,5.666,0.9981992051664182,0.9980003554907013,0.9943,,
binary,mi_top_20_features,20,Decision Tree,0.9973939207278069,0.48,0.006,0.9982915540645482,0.997333004750225,0.9961,,
binary,mi_top_20_features,20,Random Forest,0.9976071453955317,3.499,0.043,0.9984317987733872,0.9997997935359682,0.9956,,
binary,mi_top_20_features,20,Naive Bayes,0.8377360278613566,0.075,0.015,0.8981061338649449,0.879391364214971,0.5176,,
binary,mi_top_20_features,20,ANN (MLP),0.9911393304745434,31.037,0.038,0.9941809808314662,0.9974046167220342,0.9886,,
binary,mi_top_20_features,20,XGBoost,0.9975360705062901,0.344,0.01,0.9983848925332339,0.9999243270514454,0.9961,,
binary,mi_top_20_features,20,Gradient Boosting,0.9935321850790115,18.588,0.046,0.9957617251176005,0.9985722080784873,0.9866,,
binary,all_features_post_pearson_corr,928,Logistic Regression,0.931507498400815,518.598,0.154,0.9532571262267782,0.9891813375143593,0.9839,,
binary,all_features_post_pearson_corr,928,KNN,0.9966594802056433,1.395,67.458,0.997809640687866,0.9984589509143407,0.9952,,
binary,all_features_post_pearson_corr,928,Decision Tree,0.9982231277689593,10.717,0.183,0.9988356026144602,0.9977433915986215,0.9966,,
binary,all_features_post_pearson_corr,928,Random Forest,0.9985548105854202,27.387,0.261,0.9990532507643836,0.9998692259927349,0.9963,,
binary,all_features_post_pearson_corr,928,Naive Bayes,0.8831291904570115,3.79,0.787,0.928850619474132,0.753668139339936,0.5076,,
binary,all_features_post_pearson_corr,928,ANN (MLP),0.9961145727214575,169.585,0.289,0.9974553917765709,0.9986682511099383,0.9902,,
binary,all_features_post_pearson_corr,928,Gradient Boosting,0.9941718590821863,200.015,0.345,0.996177750155376,0.9980207410972087,0.9906,,
multiclass,rf_top_10_features,10,Logistic Regression,0.5619654576038285,192.196,0.006,,,,0.45612601512120776,0.8611297354510363
multiclass,rf_top_10_features,10,KNN,0.9649363879741287,1.059,6.895,,,,0.9322844182483975,0.9822903944268155
multiclass,rf_top_10_features,10,Decision Tree,0.965978819683006,1.265,0.008,,,,0.9343692064676359,0.9773859990946466
multiclass,rf_top_10_features,10,Random Forest,0.9676609253950579,8.999,0.205,,,,0.9386991769627953,0.9949471522495973
multiclass,rf_top_10_features,10,Naive Bayes,0.19865431543035844,0.168,0.06,,,,0.10383254289968377,0.7304803540852848
multiclass,rf_top_10_features,10,ANN (MLP),0.8735340804093914,130.027,0.053,,,,0.8310484693625476,0.9834880691187846
multiclass,rf_top_10_features,10,XGBoost,0.9691534980691322,15.722,0.086,,,,0.9384117473197164,0.9985896416800936
multiclass,rf_top_10_features,10,Gradient Boosting,0.9608851192873558,392.872,0.518,,,,0.9198135339600018,0.9971412177097699
multiclass,rf_top_15_features,15,Logistic Regression,0.5668696249615011,477.563,0.007,,,,0.45101001251705125,0.8880394766772651
multiclass,rf_top_15_features,15,KNN,0.965410220569073,1.141,7.715,,,,0.9333240872550881,0.982090544542243
multiclass,rf_top_15_features,15,Decision Tree,0.9663105024994669,1.108,0.008,,,,0.9368003435796084,0.9796067883237918
multiclass,rf_top_15_features,15,Random Forest,0.9682769077684854,6.376,0.108,,,,0.9407940362089817,0.9952108260411892
multiclass,rf_top_15_features,15,Naive Bayes,0.26352199767822027,0.131,0.051,,,,0.16236299056933626,0.765210721738137
multiclass,rf_top_15_features,15,ANN (MLP),0.8649103271814068,34.016,0.028,,,,0.8067046945074049,0.9809174619920554
multiclass,rf_top_15_features,15,XGBoost,0.9704565377052288,7.199,0.065,,,,0.9410787383634792,0.9986788444408891
multiclass,rf_top_15_features,15,Gradient Boosting,0.9628515245563742,310.247,0.44,,,,0.9219284233387194,0.9975268005876258
multiclass,rf_top_20_features,20,Logistic Regression,0.6938567604065483,297.621,0.007,,,,0.6088951197318457,0.9533553234258832
multiclass,rf_top_20_features,20,KNN,0.974081357056552,0.047,8.459,,,,0.9439022763370455,0.9880706568158093
multiclass,rf_top_20_features,20,Decision Tree,0.9742471984647824,1.163,0.009,,,,0.942462581310916,0.9790702657424607
multiclass,rf_top_20_features,20,Random Forest,0.9762136037338008,6.203,0.097,,,,0.9477364540371012,0.9955396424059249
multiclass,rf_top_20_features,20,Naive Bayes,0.381885379895283,0.14,0.06,,,,0.2744073618859254,0.824367682415099
multiclass,rf_top_20_features,20,ANN (MLP),0.9124594280840579,123.931,0.038,,,,0.8709243398081042,0.9903219668848123
multiclass,rf_top_20_features,20,XGBoost,0.9787959913762467,8.685,0.067,,,,0.9508578800178441,0.9994013849390326
multiclass,rf_top_20_features,20,Gradient Boosting,0.9709303703001729,341.787,0.428,,,,0.9318770419547627,0.9985870094494856
multiclass,spearman_top_10_features,10,Logistic Regression,0.46544575801369376,17.055,0.005,,,,0.3043815318263656,0.8757320313812512
multiclass,spearman_top_10_features,10,KNN,0.6621099765452866,0.685,28.288,,,,0.6170082051408703,0.8824229505221748
multiclass,spearman_top_10_features,10,Decision Tree,0.6924352626217157,0.223,0.007,,,,0.6513281260591889,0.940796960374576
multiclass,spearman_top_10_features,10,Random Forest,0.6928617119571655,3.689,0.106,,,,0.6547443908321235,0.9528560867393999
multiclass,spearman_top_10_features,10,Naive Bayes,0.3633111421734701,0.093,0.033,,,,0.21867749768057312,0.7848366764955459
multiclass,spearman_top_10_features,10,ANN (MLP),0.6117652633324646,134.941,0.04,,,,0.5425326458095258,0.9346999735884005
multiclass,spearman_top_10_features,10,XGBoost,0.6816318794569879,6.297,0.063,,,,0.6324825142257613,0.9546118302449365
multiclass,spearman_top_10_features,10,Gradient Boosting,0.6803525314506385,128.049,0.398,,,,0.629116986997695,0.9529648448553454
multiclass,spearman_top_15_features,15,Logistic Regression,0.5080433082991779,44.162,0.006,,,,0.38205526508587423,0.9117967438258084
multiclass,spearman_top_15_features,15,KNN,0.637257456940463,1.051,34.048,,,,0.5643403640258179,0.9091780586895
multiclass,spearman_top_15_features,15,Decision Tree,0.6963206899002582,0.275,0.007,,,,0.6583487426481129,0.9450200765057447
multiclass,spearman_top_15_features,15,Random Forest,0.6966523727167192,3.98,0.085,,,,0.6600093405702794,0.9545606212635752
multiclass,spearman_top_15_features,15,Naive Bayes,0.38269089530668815,0.13,0.048,,,,0.26264327445943747,0.8207087077128481
multiclass,spearman_top_15_features,15,ANN (MLP),0.631073941576441,149.19,0.043,,,,0.5606184506158126,0.9412213467288726
multiclass,spearman_top_15_features,15,XGBoost,0.6884550688241844,6.751,0.071,,,,0.6485254507878135,0.9563476640309518
multiclass,spearman_top_15_features,15,Gradient Boosting,0.6846880996943779,153.65,0.385,,,,0.6375725618228321,0.9540236278334433
multiclass,spearman_top_20_features,20,Logistic Regression,0.6223554218294677,71.414,0.007,,,,0.5438929068489257,0.9368993252903939
multiclass,spearman_top_20_features,20,KNN,0.722997464995617,0.051,8.498,,,,0.689639884042902,0.9136387617929665
multiclass,spearman_top_20_features,20,Decision Tree,0.7502902224644034,0.355,0.008,,,,0.7194021949971062,0.9548526801253407
multiclass,spearman_top_20_features,20,Random Forest,0.7508588215783364,4.639,0.086,,,,0.7217457673734824,0.9640085028596829
multiclass,spearman_top_20_features,20,Naive Bayes,0.4119974413039873,0.154,0.062,,,,0.2818471470237992,0.8686554843165997
multiclass,spearman_top_20_features,20,ANN (MLP),0.7136866545049634,50.086,0.029,,,,0.6617751571542981,0.9582028830012662
multiclass,spearman_top_20_features,20,XGBoost,0.7470681608187827,6.979,0.068,,,,0.7151809346064344,0.9657904512861825
multiclass,spearman_top_20_features,20,Gradient Boosting,0.7398659053756308,179.62,0.416,,,,0.7027206401059903,0.9639532597746732
multiclass,chi2_top_10_features,10,Logistic Regression,0.3279632305906323,61.605,0.006,,,,0.24703914337076682,0.8113787738442276
multiclass,chi2_top_10_features,10,KNN,0.9642967139709541,0.758,5.108,,,,0.9288613797621471,0.9868692296622728
multiclass,chi2_top_10_features,10,Decision Tree,0.9660498945722477,0.934,0.008,,,,0.9346019877385287,0.97789930693886
multiclass,chi2_top_10_features,10,Random Forest,0.9676135421355635,5.602,0.095,,,,0.9404036507497795,0.9941803885522905
multiclass,chi2_top_10_features,10,Naive Bayes,0.18709280011371981,0.09,0.035,,,,0.1127452932877967,0.6855883793818766
multiclass,chi2_top_10_features,10,ANN (MLP),0.8063446184463029,69.131,0.04,,,,0.7463185167738813,0.9682144754875148
multiclass,chi2_top_10_features,10,XGBoost,0.9679215333222773,6.32,0.066,,,,0.9382981908134317,0.9984707943292198
multiclass,chi2_top_10_features,10,Gradient Boosting,0.9604349783221587,270.988,0.436,,,,0.9187457908621497,0.9971403931081637
multiclass,chi2_top_15_features,15,Logistic Regression,0.5005804449288066,350.914,0.009,,,,0.4122968843548135,0.846752978552947
multiclass,chi2_top_15_features,15,KNN,0.9642730223412068,2.088,13.981,,,,0.930169384285547,0.9859906782987491
multiclass,chi2_top_15_features,15,Decision Tree,0.965978819683006,1.769,0.01,,,,0.9341830011576169,0.9784563448636951
multiclass,chi2_top_15_features,15,Random Forest,0.9679689165817716,12.515,0.232,,,,0.9399599839685353,0.9947063688831275
multiclass,chi2_top_15_features,15,Naive Bayes,0.1856713023288872,0.176,0.069,,,,0.10413935655227106,0.7450648085558054
multiclass,chi2_top_15_features,15,ANN (MLP),0.858963728114857,97.029,0.037,,,,0.8038729028670893,0.980138878528404
multiclass,chi2_top_15_features,15,XGBoost,0.9690587315501433,8.57,0.068,,,,0.938632116020204,0.9984357105001994
multiclass,chi2_top_15_features,15,Gradient Boosting,0.9615484849202777,313.655,0.441,,,,0.921623901714435,0.9973540374484873
multiclass,chi2_top_20_features,20,Logistic Regression,0.5760619773034187,413.513,0.008,,,,0.47156952825265097,0.9313383501665408
multiclass,chi2_top_20_features,20,KNN,0.965647136866545,0.053,8.792,,,,0.9337235478553392,0.9883077754628751
multiclass,chi2_top_20_features,20,Decision Tree,0.967210784429861,1.047,0.008,,,,0.9357821456884702,0.9786596056235041
multiclass,chi2_top_20_features,20,Random Forest,0.9691771896988793,6.729,0.107,,,,0.9424838190145257,0.994900764673025
multiclass,chi2_top_20_features,20,Naive Bayes,0.3524129924897534,0.164,0.068,,,,0.23184654583146788,0.8244222920281172
multiclass,chi2_top_20_features,20,ANN (MLP),0.8680613139377857,75.413,0.04,,,,0.8145858654103995,0.9862762714159914
multiclass,chi2_top_20_features,20,XGBoost,0.9709777535596674,9.485,0.073,,,,0.9413201437434295,0.998757203510271
multiclass,chi2_top_20_features,20,Gradient Boosting,0.9644625553791846,370.425,0.443,,,,0.9252028916472786,0.997928054260019
multiclass,mi_top_10_features,10,Logistic Regression,0.4457817053235092,162.72,0.006,,,,0.3353582874121247,0.8554074698780324
multiclass,mi_top_10_features,10,KNN,0.9642019474519652,0.714,5.77,,,,0.9307888896678851,0.9868890652791436
multiclass,mi_top_10_features,10,Decision Tree,0.965978819683006,0.954,0.007,,,,0.9370136734048209,0.9797634118060804
multiclass,mi_top_10_features,10,Random Forest,0.9678267668032884,6.036,0.095,,,,0.9391846950137539,0.9948747489907801
multiclass,mi_top_10_features,10,Naive Bayes,0.21793930204458764,0.084,0.032,,,,0.14805465844658233,0.6934183652885438
multiclass,mi_top_10_features,10,ANN (MLP),0.9176715866284442,486.775,0.032,,,,0.8756126801244515,0.9904793460038469
multiclass,mi_top_10_features,10,XGBoost,0.9690824231798906,7.135,0.067,,,,0.937823760906874,0.9986095548163906
multiclass,mi_top_10_features,10,Gradient Boosting,0.9610746523253335,290.869,0.425,,,,0.9196710981446786,0.9974390196284941
multiclass,mi_top_15_features,15,Logistic Regression,0.5752090786325191,275.201,0.006,,,,0.47178236296129494,0.9309970038136219
multiclass,mi_top_15_features,15,KNN,0.965647136866545,1.117,7.477,,,,0.9335083518927643,0.9823408300875911
multiclass,mi_top_15_features,15,Decision Tree,0.9670923262811248,1.041,0.008,,,,0.9370209777874896,0.9800227728237199
multiclass,mi_top_15_features,15,Random Forest,0.9687270487336824,5.552,0.106,,,,0.9412749285825879,0.9952920079474739
multiclass,mi_top_15_features,15,Naive Bayes,0.37859224336042074,0.118,0.045,,,,0.27583746471501835,0.8001284412415522
multiclass,mi_top_15_features,15,ANN (MLP),0.8506479660735862,34.389,0.034,,,,0.7920396176726276,0.9809504342339886
multiclass,mi_top_15_features,15,XGBoost,0.9701011632590206,7.036,0.065,,,,0.9397920666027343,0.99871500809446
multiclass,mi_top_15_features,15,Gradient Boosting,0.9615484849202777,317.783,0.417,,,,0.9198065867925415,0.9975589326460842
multiclass,mi_top_20_features,20,Logistic Regression,0.5886185410694401,356.82,0.007,,,,0.4850760044403827,0.9374389701705319
multiclass,mi_top_20_features,20,KNN,0.9662868108697197,0.045,8.363,,,,0.9365046565720953,0.9887632494062368
multiclass,mi_top_20_features,20,Decision Tree,0.9673766258380914,1.08,0.008,,,,0.9376080672840021,0.9795045272342552
multiclass,mi_top_20_features,20,Random Forest,0.9690350399203961,6.165,0.118,,,,0.9433962569233074,0.9948423499304374
multiclass,mi_top_20_features,20,Naive Bayes,0.37674429624013833,0.135,0.062,,,,0.27510772569646774,0.825705201322673
multiclass,mi_top_20_features,20,ANN (MLP),0.8575185387002772,39.699,0.036,,,,0.7975673362002588,0.9832364446896417
multiclass,mi_top_20_features,20,XGBoost,0.9709066786704258,7.661,0.065,,,,0.9431119998890566,0.9987376565714523
multiclass,mi_top_20_features,20,Gradient Boosting,0.9636807315975265,510.248,0.633,,,,0.9259804580363674,0.997769527094442
multiclass,all_features_post_pearson_corr,928,Logistic Regression,0.748679191641593,17923.131,0.722,,,,0.6929104481082737,0.970632997046924
multiclass,all_features_post_pearson_corr,928,KNN,0.9740576654268047,4.869,470.945,,,,0.9453969389910686,0.9903870171313741
multiclass,all_features_post_pearson_corr,928,Decision Tree,0.9757634627686038,14.564,0.187,,,,0.9453758775715796,0.982035651113967
multiclass,all_features_post_pearson_corr,928,Random Forest,0.9770901940344476,59.597,0.46,,,,0.9491314284816891,0.9953305580944649
multiclass,all_features_post_pearson_corr,928,Naive Bayes,0.46054159065602124,6.983,3.517,,,,0.35988326332937504,0.8341406193348767
multiclass,all_features_post_pearson_corr,928,ANN (MLP),0.9221256130209197,3079.33,2.246,,,,0.8841236403183748,0.9903054756118909
multiclass,all_features_post_pearson_corr,928,Gradient Boosting,0.9728257006799498,4712.142,1.958,,,,0.9372339908089925,0.9983878714701309
